{"coefficients": [-0.5321915099572654, -0.23848790081994, 0.056778481562592034], "intercept": -1.367895241279157, "features": ["tenure", "MonthlyCharges", "TotalCharges"], "encoders": {}, "scaler_mean": [14.78291359767124, 3918.911398322527, 36911.955555286026], "scaler_scale": [18.759800509253594, 5066.262715782773, 54661.088261270845], "accuracy": 78.59127596700922}