{"total_customers": 22673, "churn_rate": 21.40872403299078, "avg_tenure": 14.78291359767124, "avg_monthly_charges": 3918.911398322527, "source_distribution": {"Banking": 10000, "Telecom": 7043, "E-Commerce": 5630}, "accuracy": 78.59127596700922}